word,index
abide,0
ability,1
able,2
abnormal,3
abstracted,4
abstracts,5
accept,6
acceptable,7
accepting,8
access,9
accessed,10
accessibility,11
accessible,12
accommodate,13
accommodated,14
accompanied,15
accomplish,16
according,17
accordingly,18
account,19
accountability,20
accounts,21
accumulate,22
accumulation,23
accuracythe,24
accurate,25
accurately,26
achieved,27
achieving,28
acknowledge,29
acknowledgements,30
across,31
act,32
acted,33
action,34
actions,35
activated,36
activating,37
activation,38
active,39
activities,40
activity,41
actor,42
acts,43
actual,44
adaptability,45
adaptable,46
adaptation,47
adapting,48
add,49
added,50
addedit,51
addition,52
additional,53
additionally,54
addremove,55
address,56
addresses,57
adequate,58
adjustable,59
adjustment,60
adjustments,61
admin,62
administrative,63
administrator,64
administrators,65
admins,66
adminusers,67
admissibility,68
adopting,69
advanced,70
advantage,71
advise,72
affect,73
affecting,74
afterward,75
age,76
agent,77
agents,78
aggregate,79
aids,80
aips,81
ajax,82
alert,83
alerts,84
alive,85
allocate,86
allocated,87
allocation,88
allow,89
allowed,90
allowing,91
allows,92
along,93
also,94
alter,95
alternate,96
alternative,97
alternatively,98
alternatives,99
always,100
among,101
amount,102
amounts,103
analyse,104
analysis,105
andor,106
android,107
another,108
answers,109
anyone,110
anything,111
apache,112
api,113
app,114
appear,115
appearance,116
appears,117
apple,118
applicable,119
application,120
applications,121
applied,122
apply,123
approach,124
approaches,125
appropriate,126
appropriately,127
approve,128
arate,129
aration,130
architecture,131
archive,132
archiving,133
area,134
areas,135
arise,136
arising,137
around,138
arrangement,139
ase,140
asks,141
aspects,142
assemble,143
assembly,144
assigned,145
assigning,146
assist,147
associated,148
assume,149
assumed,150
assumption,151
assure,152
attacks,153
attempt,154
attempted,155
attempts,156
attend,157
attributed,158
attributes,159
audit,160
auditors,161
authenticate,162
authentication,163
authorised,164
authority,165
authorize,166
authorized,167
auto,168
autocorrection,169
automated,170
automatic,171
automatically,172
automating,173
auxiliary,174
availability,175
available,176
average,177
avoid,178
avoided,179
avoiding,180
aware,181
awareness,182
back,183
backend,184
background,185
backup,186
band,187
bandwidth,188
bar,189
barbara,190
barcode,191
based,192
baseline,193
basic,194
basis,195
bathrooms,196
becomes,197
bedrooms,198
begin,199
behavior,200
behaviour,201
behind,202
better,203
beyond,204
big,205
block,206
blocked,207
blocks,208
book,209
bookking,210
books,211
boot,212
bootstrap,213
bots,214
bottlenecked,215
bound,216
box,217
branch,218
breach,219
broadcast,220
broadcaster,221
broadcasters,222
broadcasting,223
broadcasts,224
browse,225
browser,226
browsing,227
budget,228
buffer,229
buffering,230
bullet,231
bulleted,232
business,233
button,234
buttons,235
buyers,236
cache,237
cached,238
call,239
calls,240
camera,241
cameras,242
campuses,243
cancel,244
cancelled,245
cannot,246
capabilities,247
capability,248
capable,249
capacity,250
captcha,251
captchabased,252
capture,253
captures,254
capturing,255
care,256
careful,257
carried,258
carrying,259
case,260
cases,261
castes,262
catastrophes,263
catch,264
categories,265
category,266
categorywise,267
cause,268
cctns,269
certain,270
certificate,271
chain,272
chainable,273
change,274
changed,275
changes,276
changing,277
channel,278
channels,279
characteristics,280
characterized,281
chat,282
check,283
checking,284
chief,285
choose,286
chooses,287
chrome,288
chronological,289
chunks,290
citizen,291
citizens,292
clear,293
clearly,294
click,295
client,296
clientserver,297
clientside,298
closing,299
cloud,300
coarse,301
code,302
codes,303
coding,304
cognitively,305
college,306
color,307
colors,308
colour,309
colours,310
columns,311
combination,312
combinations,313
combine,314
coming,315
command,316
common,317
commonly,318
communicate,319
communicated,320
communication,321
communications,322
commute,323
compare,324
comparing,325
comparison,326
comparisons,327
compatibility,328
compatible,329
compiles,330
complainants,331
complaint,332
complaints,333
complete,334
completed,335
complexities,336
complextocomplex,337
comply,338
component,339
components,340
compression,341
computation,342
computational,343
compute,344
computer,345
computers,346
computing,347
concentrate,348
concept,349
concerned,350
conction,351
condition,352
conditions,353
conduit,354
configuration,355
configurations,356
configured,357
conflict,358
confuse,359
connect,360
connecting,361
connection,362
connections,363
connectivity,364
consideration,365
considered,366
consist,367
consistency,368
consistent,369
consistently,370
constable,371
constantly,372
constraining,373
constraint,374
constraints,375
construct,376
constructed,377
consulted,378
contact,379
contain,380
containing,381
contains,382
content,383
contents,384
context,385
contexts,386
contextsensitive,387
continuous,388
control,389
controlled,390
controls,391
convenience,392
converted,393
conveying,394
convolution,395
coordinates,396
copying,397
core,398
correction,399
corrections,400
correctly,401
correctn,402
correctness,403
correlated,404
correlator,405
correspondences,406
corrupted,407
cost,408
could,409
count,410
counterpart,411
counts,412
course,413
court,414
courts,415
cpan,416
cpu,417
crashed,418
crashes,419
create,420
created,421
createreadupdatedelete,422
creating,423
crime,424
criminalaccused,425
criteria,426
critical,427
cross,428
css,429
currency,430
current,431
currently,432
customer,433
customers,434
customisation,435
customise,436
customizable,437
customize,438
customizing,439
cut,440
cutting,441
damaged,442
dashed,443
dat,444
data,445
database,446
databases,447
datathis,448
date,449
datelocation,450
dates,451
day,452
dealing,453
debugtest,454
deduct,455
defaults,456
defect,457
defects,458
define,459
defined,460
defines,461
defunct,462
degrade,463
delay,464
delete,465
deleted,466
deliver,467
delivering,468
delivery,469
demand,470
denial,471
denied,472
department,473
dependencies,474
deployment,475
deploys,476
derived,477
describe,478
described,479
describes,480
description,481
descriptions,482
descriptive,483
design,484
designated,485
designed,486
designing,487
desirable,488
desktop,489
desktops,490
destination,491
detailed,492
detailing,493
details,494
detected,495
detecting,496
detection,497
determination,498
determining,499
develop,500
development,501
device,502
devices,503
diagram,504
dialogues,505
different,506
differently,507
difficult,508
difficulties,509
direct,510
directly,511
disabilities,512
disaster,513
disastrous,514
disconnect,515
disconnections,516
discount,517
disk,518
dispersed,519
display,520
displayed,521
displays,522
disruptions,523
distance,524
distances,525
distancing,526
distinguishable,527
distinguishing,528
distract,529
distributed,530
districts,531
diverse,532
division,533
document,534
documentation,535
documents,536
dollars,537
domain,538
done,539
download,540
downscale,541
downtime,542
draw,543
drive,544
dropdown,545
drudgery,546
dtls,547
dtlssrtp,548
due,549
duplicate,550
durability,551
duration,552
dynamic,553
dynamically,554
eases,555
easily,556
easing,557
easy,558
edge,559
edit,560
edited,561
educate,562
ee,563
effect,564
effectively,565
effectiveness,566
effects,567
efficiencies,568
efficiency,569
efficient,570
effort,571
eg,572
either,573
elapsed,574
elements,575
elementsrules,576
email,577
emails,578
embedded,579
employ,580
employees,581
employs,582
enable,583
enabling,584
enclosures,585
encompasses,586
encounter,587
encounters,588
encrypted,589
encryption,590
end,591
enforce,592
enforced,593
engineering,594
enhancement,595
enough,596
ensure,597
enter,598
entered,599
entering,600
entire,601
entities,602
entralized,603
entries,604
entry,605
environments,606
equipped,607
equivalent,608
equivalents,609
error,610
errors,611
especially,612
essentially,613
essys,614
etc,615
ethically,616
even,617
event,618
events,619
every,620
evidence,621
evident,622
evla,623
evolving,624
ex,625
examine,626
example,627
exceed,628
except,629
exchange,630
exchanged,631
exclusion,632
execute,633
execution,634
existence,635
existing,636
expect,637
expectation,638
expectations,639
expected,640
experience,641
explanatory,642
explicit,643
exploration,644
export,645
expressed,646
extended,647
extensibility,648
extent,649
external,650
externally,651
face,652
facilitates,653
facilities,654
facility,655
facts,656
fails,657
failure,658
failures,659
familiar,660
familiarity,661
fast,662
fault,663
feature,664
features,665
feedback,666
feel,667
fidelity,668
fields,669
figure,670
file,671
files,672
fill,673
filled,674
filter,675
filters,676
final,677
finally,678
find,679
finding,680
fine,681
finished,682
fireb,683
firebase,684
firefox,685
first,686
fit,687
fixed,688
flag,689
flagging,690
flags,691
flexibility,692
flexible,693
focused,694
focuses,695
follow,696
following,697
font,698
fonts,699
footage,700
footer,701
forgot,702
form,703
format,704
formats,705
formatted,706
formatting,707
formdata,708
forms,709
forum,710
forward,711
foul,712
found,713
fourier,714
frame,715
framebased,716
frames,717
framesets,718
framework,719
free,720
freeway,721
frequencies,722
frequency,723
frequently,724
frequentlyexecuted,725
frequentlyused,726
friendliness,727
friendly,728
friends,729
front,730
frontend,731
frontfacing,732
full,733
fully,734
function,735
functional,736
functionalities,737
functionality,738
functionally,739
functioning,740
functions,741
furthermore,742
future,743
general,744
generally,745
generate,746
generated,747
generic,748
geographical,749
get,750
github,751
give,752
given,753
gives,754
go,755
goal,756
goals,757
going,758
good,759
google,760
gracefully,761
gram,762
grant,763
granted,764
graphical,765
greater,766
group,767
grouped,768
groups,769
guarantee,770
gui,771
guidance,772
guide,773
guidelines,774
hack,775
halal,776
halting,777
hand,778
handle,779
handled,780
handling,781
hangs,782
happen,783
hardware,784
header,785
headings,786
help,787
helpdesk,788
helping,789
helps,790
hence,791
heroku,792
hides,793
hiding,794
high,795
highlighted,796
hijacking,797
hisher,798
hit,799
home,800
homepage,801
homepages,802
hooking,803
hooks,804
horizontal,805
hosts,806
hours,807
house,808
houses,809
housingu,810
however,811
hpresentationrelated,812
html,813
http,814
https,815
human,816
ice,817
ict,818
id,819
idea,820
ideally,821
ideas,822
identificationg,823
identified,824
identifier,825
identify,826
identity,827
idle,828
ids,829
ie,830
illegal,831
image,832
images,833
immediately,834
impact,835
impair,836
impede,837
impeded,838
implement,839
implementation,840
implementations,841
implemented,842
implements,843
implications,844
implies,845
important,846
impose,847
improves,848
inbuilt,849
incidents,850
include,851
included,852
includes,853
including,854
incoming,855
incorrectly,856
increase,857
increased,858
increasing,859
independence,860
independently,861
indicate,862
indicated,863
indicating,864
indication,865
individual,866
individualization,867
individualizing,868
industry,869
industrystandard,870
infer,871
inferred,872
infinities,873
information,874
infrequently,875
infs,876
ingredients,877
initial,878
initiate,879
initiated,880
initiates,881
initiating,882
initiator,883
inline,884
input,885
inputs,886
inside,887
inspection,888
install,889
instance,890
instantly,891
institute,892
intact,893
integral,894
integrated,895
integration,896
integrity,897
intelligently,898
intended,899
interact,900
interacting,901
interaction,902
interactions,903
interacts,904
interchange,905
interconnect,906
interconnects,907
interest,908
interested,909
interesting,910
interface,911
interfaces,912
interfacing,913
internal,914
internally,915
internals,916
international,917
internet,918
interrupted,919
interruption,920
interruptions,921
intervention,922
inthen,923
introduces,924
intuitive,925
invalid,926
invalids,927
investigation,928
invoke,929
involve,930
involved,931
involving,932
io,933
ip,934
irrelevant,935
ision,936
isla,937
iso,938
isolated,939
issue,940
issuedreturned,941
issues,942
item,943
items,944
jakim,945
java,946
javascript,947
joining,948
jqueryajax,949
js,950
json,951
ked,952
keep,953
keeping,954
key,955
keyboard,956
keys,957
keywords,958
kill,959
king,960
know,961
knowledge,962
knowledgepark,963
label,964
labelled,965
labels,966
lag,967
landing,968
landk,969
language,970
laptop,971
laptops,972
large,973
larger,974
latency,975
later,976
latest,977
layout,978
ldap,979
lead,980
leading,981
learn,982
least,983
leaving,984
legal,985
legibility,986
leisure,987
lending,988
length,989
lengths,990
less,991
lessen,992
level,993
levels,994
librarian,995
librarians,996
library,997
life,998
like,999
likely,1000
limit,1001
limited,1002
line,1003
link,1004
linking,1005
links,1006
list,1007
listed,1008
listing,1009
listings,1010
lists,1011
little,1012
live,1013
localization,1014
located,1015
location,1016
locations,1017
log,1018
logged,1019
logic,1020
logical,1021
login,1022
logo,1023
logobarcode,1024
long,1025
longer,1026
look,1027
looking,1028
loss,1029
lost,1030
lot,1031
lowbandwidth,1032
lower,1033
macbook,1034
made,1035
main,1036
mainly,1037
maintain,1038
maintainability,1039
maintained,1040
maintaining,1041
maintains,1042
maintenance,1043
make,1044
makes,1045
making,1046
malls,1047
man,1048
manage,1049
manageable,1050
managed,1051
management,1052
manipulating,1053
manipulation,1054
manner,1055
mannerg,1056
manual,1057
manufacture,1058
many,1059
map,1060
maps,1061
marking,1062
match,1063
material,1064
matter,1065
matters,1066
maximum,1067
mbytessec,1068
mc,1069
mean,1070
meaningful,1071
means,1072
measurement,1073
mechanism,1074
mechanisms,1075
media,1076
mediastream,1077
medium,1078
meet,1079
meeting,1080
meetings,1081
member,1082
members,1083
memory,1084
mental,1085
mentioned,1086
menu,1087
menus,1088
message,1089
messagedata,1090
messages,1091
meta,1092
metadata,1093
method,1094
methods,1095
metro,1096
microphone,1097
middle,1098
might,1099
migration,1100
mind,1101
minimal,1102
minimization,1103
minimize,1104
minimized,1105
minimizing,1106
minimum,1107
missing,1108
mitigation,1109
mobile,1110
mockup,1111
mode,1112
models,1113
modern,1114
modified,1115
modify,1116
module,1117
modules,1118
modus,1119
monitor,1120
monitored,1121
monitoring,1122
month,1123
monthly,1124
months,1125
morally,1126
moreover,1127
move,1128
mozilla,1129
much,1130
multimedia,1131
multipart,1132
multiple,1133
mus,1134
must,1135
mysql,1136
na,1137
name,1138
nameprize,1139
names,1140
nans,1141
narrow,1142
national,1143
native,1144
nave,1145
navigating,1146
navigation,1147
near,1148
necessarily,1149
necessary,1150
need,1151
needed,1152
needs,1153
negative,1154
negotiation,1155
neither,1156
network,1157
networks,1158
never,1159
new,1160
newer,1161
next,1162
noise,1163
non,1164
none,1165
nonexpected,1166
nonexperts,1167
nonfunctional,1168
nonfunctioning,1169
nonhalal,1170
nonprivileged,1171
nontext,1172
normal,1173
normalization,1174
normalizations,1175
normally,1176
note,1177
notes,1178
notified,1179
notify,1180
number,1181
numbers,1182
objects,1183
observational,1184
observed,1185
observing,1186
obtained,1187
occur,1188
occurred,1189
occurs,1190
odingtranscoding,1191
offered,1192
offering,1193
offers,1194
office,1195
officers,1196
offline,1197
offload,1198
older,1199
one,1200
online,1201
onscreen,1202
open,1203
opened,1204
opening,1205
operable,1206
operandi,1207
operate,1208
operates,1209
operating,1210
operation,1211
operational,1212
operations,1213
opposed,1214
option,1215
optional,1216
optionally,1217
options,1218
order,1219
ordered,1220
organised,1221
organizing,1222
orientation,1223
oriented,1224
originates,1225
os,1226
outage,1227
output,1228
outside,1229
overall,1230
overflow,1231
overflows,1232
overlay,1233
overload,1234
overview,1235
overviews,1236
owner,1237
owners,1238
package,1239
packets,1240
page,1241
pages,1242
panel,1243
paper,1244
paperwork,1245
parameter,1246
parameters,1247
parks,1248
part,1249
partial,1250
participant,1251
participants,1252
particular,1253
particularly,1254
parties,1255
parts,1256
party,1257
passed,1258
password,1259
passwords,1260
past,1261
paths,1262
patterns,1263
peak,1264
peer,1265
peers,1266
peertopeer,1267
pending,1268
people,1269
peoples,1270
per,1271
perceiving,1272
perception,1273
perform,1274
performance,1275
performed,1276
performing,1277
performs,1278
period,1279
periodically,1280
periods,1281
perlldap,1282
permission,1283
persistent,1284
person,1285
personal,1286
personallyidentifiable,1287
personnel,1288
peruser,1289
phone,1290
phrases,1291
physical,1292
pids,1293
piece,1294
pillai,1295
piped,1296
pipeline,1297
place,1298
placed,1299
places,1300
placing,1301
plain,1302
plaintext,1303
plan,1304
planned,1305
planning,1306
platform,1307
platforms,1308
plays,1309
plus,1310
point,1311
points,1312
police,1313
policies,1314
policy,1315
popup,1316
portability,1317
portable,1318
position,1319
positions,1320
positive,1321
possible,1322
possibleg,1323
post,1324
postal,1325
posted,1326
posting,1327
postings,1328
potential,1329
potentially,1330
power,1331
poweroftwo,1332
ppcast,1333
ppcasts,1334
practical,1335
practices,1336
preclude,1337
predefined,1338
predetermined,1339
prefer,1340
preferable,1341
preferably,1342
preference,1343
preferences,1344
preferred,1345
presence,1346
present,1347
presentation,1348
presentations,1349
presented,1350
presenting,1351
prevent,1352
previous,1353
price,1354
prices,1355
principles,1356
printable,1357
printed,1358
printerfriendly,1359
prints,1360
prior,1361
priorities,1362
priority,1363
privacy,1364
private,1365
privileges,1366
priy,1367
problems,1368
proceeding,1369
proceedings,1370
process,1371
processed,1372
processes,1373
processing,1374
processor,1375
processors,1376
produce,1377
produced,1378
product,1379
productivity,1380
products,1381
professional,1382
profile,1383
profiles,1384
program,1385
programming,1386
progress,1387
progression,1388
project,1389
proof,1390
proper,1391
properly,1392
properties,1393
property,1394
proportions,1395
proposed,1396
pros,1397
prosecution,1398
protected,1399
protection,1400
protocol,1401
protocols,1402
provide,1403
provided,1404
provides,1405
providing,1406
provision,1407
proximity,1408
public,1409
purpose,1410
purposes,1411
qualitative,1412
quality,1413
quantization,1414
quantizer,1415
queries,1416
questions,1417
queue,1418
quick,1419
quickly,1420
randomized,1421
range,1422
rapid,1423
rate,1424
rates,1425
rather,1426
raw,1427
reach,1428
reached,1429
react,1430
read,1431
readability,1432
readable,1433
readily,1434
reading,1435
ready,1436
real,1437
realtime,1438
rearrange,1439
rease,1440
reason,1441
reasons,1442
reboot,1443
rebroadcast,1444
rebroadcasting,1445
receipt,1446
receive,1447
received,1448
receives,1449
recent,1450
recirculation,1451
recognition,1452
recognize,1453
recommendations,1454
recommended,1455
recommending,1456
reconfiguration,1457
record,1458
recorded,1459
records,1460
recover,1461
recoverable,1462
recovery,1463
rectify,1464
redepartment,1465
redistribute,1466
reference,1467
referencing,1468
refers,1469
regarding,1470
regardless,1471
register,1472
registers,1473
registration,1474
regulations,1475
relate,1476
related,1477
relating,1478
relevant,1479
reliability,1480
reliable,1481
remain,1482
remedy,1483
removable,1484
remove,1485
rent,1486
rental,1487
repair,1488
repeatable,1489
replace,1490
replaced,1491
replacement,1492
replanning,1493
replica,1494
replication,1495
replies,1496
repo,1497
report,1498
reported,1499
reporting,1500
reports,1501
representing,1502
req,1503
request,1504
requested,1505
requests,1506
require,1507
required,1508
requirement,1509
requirements,1510
requires,1511
reschedule,1512
rescheduling,1513
research,1514
resends,1515
resizable,1516
resize,1517
resized,1518
resolution,1519
resolve,1520
resolved,1521
resource,1522
resources,1523
respect,1524
respond,1525
responding,1526
response,1527
responses,1528
responsibilities,1529
responsive,1530
restaurants,1531
restore,1532
restricted,1533
restrictions,1534
result,1535
results,1536
resume,1537
retention,1538
retrieval,1539
retrieve,1540
retrieving,1541
return,1542
returning,1543
reusability,1544
reusable,1545
reversible,1546
revoke,1547
rfi,1548
right,1549
rights,1550
robust,1551
robustness,1552
role,1553
rolebased,1554
roles,1555
rtcpeerconnection,1556
rti,1557
rule,1558
rules,1559
run,1560
running,1561
safe,1562
safeguards,1563
safety,1564
samplesdumps,1565
santa,1566
satisfaction,1567
saved,1568
saving,1569
scaleable,1570
scan,1571
scenarios,1572
scheme,1573
schemes,1574
school,1575
screen,1576
screens,1577
scrolling,1578
sdms,1579
sdp,1580
search,1581
searches,1582
searchfilter,1583
searching,1584
second,1585
seconds,1586
section,1587
sections,1588
secure,1589
secured,1590
securely,1591
security,1592
see,1593
segment,1594
segments,1595
select,1596
selectable,1597
selected,1598
selecting,1599
selectively,1600
self,1601
selfdescriptive,1602
selfdescriptiveness,1603
selfmonitoring,1604
semantics,1605
send,1606
sending,1607
sense,1608
sensitive,1609
sent,1610
sentences,1611
sequence,1612
serial,1613
series,1614
server,1615
servers,1616
serverside,1617
service,1618
session,1619
sessions,1620
set,1621
sets,1622
several,1623
shall,1624
sharing,1625
sheets,1626
shift,1627
shopping,1628
short,1629
shorter,1630
show,1631
showing,1632
shown,1633
shows,1634
showsup,1635
shrinking,1636
shrinks,1637
side,1638
signal,1639
signaling,1640
similar,1641
simple,1642
simplicity,1643
simply,1644
simultaneous,1645
simultaneously,1646
single,1647
sit,1648
site,1649
sites,1650
situations,1651
size,1652
sizes,1653
skimming,1654
skip,1655
slower,1656
small,1657
smaller,1658
sms,1659
smtp,1660
software,1661
solid,1662
solution,1663
soon,1664
sorting,1665
source,1666
space,1667
spam,1668
spatial,1669
special,1670
specialist,1671
specific,1672
specifically,1673
specification,1674
specifications,1675
specified,1676
specify,1677
spectra,1678
spectral,1679
speed,1680
speeds,1681
spelling,1682
spent,1683
splash,1684
spring,1685
square,1686
srs,1687
srtp,1688
stable,1689
staff,1690
stamp,1691
standard,1692
standardized,1693
standards,1694
standby,1695
stands,1696
start,1697
started,1698
starting,1699
state,1700
stated,1701
statement,1702
states,1703
station,1704
stations,1705
statistics,1706
status,1707
statuswise,1708
steps,1709
still,1710
stipulate,1711
stock,1712
stop,1713
stopped,1714
storage,1715
store,1716
stored,1717
storing,1718
strategies,1719
stre,1720
stream,1721
streaming,1722
streams,1723
strict,1724
strin,1725
string,1726
stringent,1727
structure,1728
structures,1729
students,1730
studies,1731
studio,1732
style,1733
subject,1734
submitted,1735
subsequent,1736
subsystems,1737
successful,1738
successfully,1739
sudden,1740
sufficient,1741
suitable,1742
suitably,1743
sum,1744
summation,1745
superimpose,1746
superket,1747
superuser,1748
supply,1749
support,1750
supported,1751
supporting,1752
supports,1753
sure,1754
surety,1755
suspect,1756
suspects,1757
switch,1758
synchronization,1759
synchronize,1760
system,1761
systemg,1762
systems,1763
table,1764
tables,1765
tablet,1766
tackle,1767
take,1768
taken,1769
taking,1770
talk,1771
target,1772
task,1773
tasks,1774
tbd,1775
tcp,1776
tcpip,1777
technical,1778
technically,1779
techniques,1780
technologies,1781
technology,1782
temperatures,1783
template,1784
temporary,1785
terminology,1786
terms,1787
tested,1788
testing,1789
text,1790
textbased,1791
textonly,1792
textual,1793
theft,1794
thereafter,1795
therefore,1796
third,1797
throttle,1798
throughout,1799
thus,1800
time,1801
times,1802
title,1803
titles,1804
today,1805
tofrom,1806
tolerance,1807
tolerances,1808
tool,1809
tools,1810
toolslibraries,1811
top,1812
total,1813
town,1814
track,1815
tracker,1816
traffic,1817
trail,1818
trails,1819
transactions,1820
transfer,1821
transferable,1822
transform,1823
translatable,1824
transmission,1825
trap,1826
tribes,1827
trigger,1828
triggers,1829
try,1830
turn,1831
turnaround,1832
turned,1833
two,1834
type,1835
types,1836
typical,1837
typically,1838
uc,1839
udp,1840
ui,1841
unable,1842
unalterable,1843
unauthorised,1844
unauthorized,1845
unavailable,1846
unchanged,1847
unconverted,1848
underflows,1849
underlines,1850
understand,1851
understanding,1852
understood,1853
undesired,1854
undue,1855
unexpected,1856
unique,1857
uniquely,1858
unit,1859
united,1860
units,1861
unitspersonnel,1862
university,1863
unix,1864
unless,1865
unnecessary,1866
unplanned,1867
unresponsive,1868
unrestricted,1869
unusual,1870
unwanted,1871
update,1872
updated,1873
updating,1874
upload,1875
upon,1876
upsinverter,1877
uptime,1878
usability,1879
usable,1880
use,1881
used,1882
useful,1883
user,1884
useracceptance,1885
userconfigurable,1886
userdefinable,1887
userfriendliness,1888
userfriendly,1889
userintuitive,1890
username,1891
usernamepassword,1892
users,1893
userspecified,1894
uses,1895
using,1896
usually,1897
utilize,1898
v,1899
vacant,1900
valid,1901
validation,1902
validity,1903
validly,1904
value,1905
values,1906
vanvleck,1907
variety,1908
various,1909
varying,1910
verification,1911
verify,1912
version,1913
versions,1914
vertical,1915
via,1916
video,1917
view,1918
viewer,1919
viewers,1920
viewing,1921
violate,1922
violations,1923
virus,1924
visible,1925
vista,1926
visual,1927
visualize,1928
visually,1929
w,1930
wait,1931
want,1932
wanted,1933
wants,1934
warning,1935
warrant,1936
watch,1937
way,1938
ways,1939
wcag,1940
web,1941
webcam,1942
webrtc,1943
website,1944
websockets,1945
well,1946
whatdoyouneedtodo,1947
whatever,1948
whats,1949
whenever,1950
whereabouts,1951
wherever,1952
whether,1953
whichever,1954
white,1955
window,1956
windowing,1957
windows,1958
wise,1959
wish,1960
within,1961
withinpage,1962
withou,1963
without,1964
wonder,1965
word,1966
words,1967
work,1968
working,1969
workstation,1970
worrying,1971
would,1972
write,1973
writing,1974
wwwusabilitygov,1975
x,1976
yet,1977
zero,1978
